id;login;name;gender;birthday;mobile;mail;idno;school;specialty;education;graduation;company;company_mail;mail_validated;company_mail_validated
1;mission-critical;Frozen reboot;2884;2020-06-08T10:23:51;Ergonomic Rubber Cheese Visionary;Realigned;Wyoming;Quality;Adaptive panel;Port product technologies;89899;Supervisor;Profound New York;false;false
2;multi-byte;customized Kids;87550;2020-06-08T05:15:46;Response programming Jewelery;Handcrafted Metal Shirt engineer;web services South Africa New Caledonia;benchmark;Republic of Korea;connecting Principal;1070;Programmable Money Market Account Small;Intranet;true;false
3;Avon Fundamental e-services;Compatible Practical;80046;2020-06-08T12:07:04;Checking Account calculate Regional;Human Orchestrator;maximized Unbranded;Tuna;yellow Grocery;Fantastic Rubber Tuna;94979;Representative;SAS Argentina Cross-group;false;true
4;digital synthesizing;Handmade Intelligent;43729;2020-06-08T01:17:28;fault-tolerant deposit overriding;Portugal Incredible;seamless virtual Incredible;infrastructures Ameliorated;Oval Fantastic ubiquitous;Vision-oriented infrastructures;99408;Ball;standardization Virtual;false;true
5;El Salvador Colon US Dollar cyan;Isle SAS Roads;43081;2020-06-08T09:13:03;Configuration HTTP compressing;Home Ergonomic Wooden Keyboard Cambridgeshire;generating Mauritania;Associate Corporate;Ports Hungary;Creative;32708;Reactive;Soft HTTP Plastic;true;false
6;Refined;Plastic;145;2020-06-08T06:55:36;Stravenue National;Associate overriding Bedfordshire;Glens pink;Savings Account real-time Turnpike;Games;black yellow;70036;moratorium payment Cotton;Moroccan Dirham;true;true
7;bandwidth;Savings Account context-sensitive Bedfordshire;64047;2020-06-08T12:56:06;Communications mesh;global;embrace;Licensed;array Jewelery quantify;leading edge open-source;15006;Analyst;Identity;true;false
8;calculating Manager Mauritius Rupee;parsing transmitting;92973;2020-06-08T12:54:56;virtual Licensed Shoes;pink Turnpike Rubber;salmon Graphic Interface Sleek;Tasty azure;programming Berkshire;Interactions;87254;Montana JSON Island;robust;false;true
9;mission-critical real-time application;UAE Dirham Palladium;8015;2020-06-08T12:47:14;Handmade Concrete Soap;well-modulated;Architect;Integration payment;Mouse robust;Marketing;90765;Avon;Soft invoice hacking;true;true
10;Shoes deposit Kwanza;Small Wooden Salad Communications;43731;2020-06-07T21:32:31;Officer Music Key;AGP;primary Track quantifying;Pennsylvania;Cheese;Bedfordshire;37079;withdrawal;Plastic syndicate Intelligent;true;true
